Date,Time,Type,Value
2021-06-01,01:14:02,humidity,80
2021-06-01,01:14:02,temperature,4.2
2021-06-01,01:12:02,humidity,80
2021-06-01,01:12:02,temperature,4.1
2021-06-01,01:10:02,humidity,79
2021-06-01,01:10:02,temperature,4.3
2021-06-01,01:08:02,humidity,79
2021-06-01,01:08:02,temperature,4.6
2021-06-01,01:05:52,humidity,79
2021-06-01,01:05:52,temperature,4.8
2021-06-01,01:03:52,humidity,79
2021-06-01,01:03:52,temperature,4.9
2021-06-01,01:02:01,humidity,80
2021-06-01,01:02:01,temperature,5.2
2021-06-01,01:00:01,humidity,80
2021-06-01,01:00:01,temperature,5.2
2021-06-01,00:57:51,humidity,81
2021-06-01,00:57:51,temperature,4.8
2021-06-01,00:55:51,humidity,81
2021-06-01,00:55:51,temperature,4.4
2021-06-01,00:53:45,humidity,80
2021-06-01,00:53:45,temperature,4.1
2021-06-01,00:51:45,humidity,80
2021-06-01,00:51:45,temperature,4
2021-06-01,00:49:45,humidity,79
2021-06-01,00:49:45,temperature,4
2021-06-01,00:47:45,humidity,79
2021-06-01,00:47:45,temperature,4.2
2021-06-01,00:45:45,humidity,78
2021-06-01,00:45:45,temperature,4.6
2021-06-01,00:43:35,humidity,79
2021-06-01,00:43:35,temperature,4.9
2021-06-01,00:41:35,humidity,79
2021-06-01,00:41:35,temperature,5.2
2021-06-01,00:39:44,humidity,80
2021-06-01,00:39:44,temperature,5.2
2021-06-01,00:37:34,humidity,81
2021-06-01,00:37:34,temperature,4.9
2021-06-01,00:35:34,humidity,81
2021-06-01,00:35:34,temperature,4.6
2021-06-01,00:33:30,humidity,80
2021-06-01,00:33:30,temperature,4.2
2021-06-01,00:31:30,humidity,80
2021-06-01,00:31:30,temperature,4.1
2021-06-01,00:29:30,humidity,79
2021-06-01,00:29:30,temperature,4
2021-06-01,00:27:30,humidity,79
2021-06-01,00:27:30,temperature,4.1
2021-06-01,00:25:20,humidity,78
2021-06-01,00:25:20,temperature,4.5
2021-06-01,00:23:20,humidity,78
2021-06-01,00:23:20,temperature,4.8
2021-06-01,00:21:20,humidity,79
2021-06-01,00:21:20,temperature,5.2
2021-06-01,00:19:29,humidity,80
2021-06-01,00:19:29,temperature,5.3
2021-06-01,00:17:29,humidity,80
2021-06-01,00:17:29,temperature,5.3
2021-06-01,00:15:29,humidity,81
2021-06-01,00:15:29,temperature,4.9
2021-06-01,00:13:19,humidity,81
2021-06-01,00:13:19,temperature,4.6
2021-06-01,00:11:13,humidity,80
2021-06-01,00:11:13,temperature,4.2
2021-06-01,00:09:13,humidity,80
2021-06-01,00:09:13,temperature,4.1
2021-06-01,00:07:13,humidity,79
2021-06-01,00:07:13,temperature,4.2
2021-06-01,00:05:13,humidity,79
2021-06-01,00:05:13,temperature,4.5
2021-06-01,00:03:03,humidity,79
2021-06-01,00:03:03,temperature,4.7
2021-06-01,00:01:03,humidity,79
2021-06-01,00:01:03,temperature,4.9
2021-05-31,23:59:04,humidity,80
2021-05-31,23:59:04,temperature,5.2
2021-05-31,23:57:04,humidity,80
2021-05-31,23:57:04,temperature,5.2
2021-05-31,23:55:04,humidity,81
2021-05-31,23:55:04,temperature,4.8
2021-05-31,23:53:00,humidity,81
2021-05-31,23:53:00,temperature,4.4
2021-05-31,23:51:00,humidity,80
2021-05-31,23:51:00,temperature,4.2
2021-05-31,23:49:00,humidity,79
2021-05-31,23:49:00,temperature,4.1
2021-05-31,23:47:00,humidity,79
2021-05-31,23:47:00,temperature,4.3
2021-05-31,23:45:00,humidity,79
2021-05-31,23:45:00,temperature,4.6
2021-05-31,23:42:50,humidity,79
2021-05-31,23:42:50,temperature,4.9
2021-05-31,23:40:50,humidity,79
2021-05-31,23:40:50,temperature,5.2
2021-05-31,23:38:49,humidity,80
2021-05-31,23:38:49,temperature,5.3
2021-05-31,23:36:49,humidity,81
2021-05-31,23:36:49,temperature,4.9
2021-05-31,23:34:49,humidity,81
2021-05-31,23:34:49,temperature,4.7
2021-05-31,23:32:45,humidity,80
2021-05-31,23:32:45,temperature,4.3
2021-05-31,23:30:45,humidity,80
2021-05-31,23:30:45,temperature,4.1
2021-05-31,23:28:45,humidity,79
2021-05-31,23:28:45,temperature,4.1
2021-05-31,23:26:45,humidity,79
2021-05-31,23:26:45,temperature,4.4
2021-05-31,23:24:45,humidity,79
2021-05-31,23:24:45,temperature,4.7
2021-05-31,23:22:35,humidity,79
2021-05-31,23:22:35,temperature,4.9
2021-05-31,23:20:35,humidity,79
2021-05-31,23:20:35,temperature,5.2
2021-05-31,23:18:45,humidity,80
2021-05-31,23:18:45,temperature,5.2
2021-05-31,23:16:35,humidity,81
2021-05-31,23:16:35,temperature,4.8
2021-05-31,23:14:35,humidity,81
2021-05-31,23:14:35,temperature,4.5
2021-05-31,23:12:40,humidity,80
2021-05-31,23:12:40,temperature,4.2
2021-05-31,23:10:40,humidity,80
2021-05-31,23:10:40,temperature,4.1
2021-05-31,23:08:40,humidity,79
2021-05-31,23:08:40,temperature,4.2
2021-05-31,23:06:40,humidity,78
2021-05-31,23:06:40,temperature,4.5
2021-05-31,23:04:30,humidity,79
2021-05-31,23:04:30,temperature,4.8
2021-05-31,23:02:30,humidity,79
2021-05-31,23:02:30,temperature,5.1
2021-05-31,23:00:31,humidity,80
2021-05-31,23:00:31,temperature,5.2
2021-05-31,22:58:21,humidity,81
2021-05-31,22:58:21,temperature,5.2
2021-05-31,22:56:21,humidity,81
2021-05-31,22:56:21,temperature,4.7
2021-05-31,22:54:16,humidity,80
2021-05-31,22:54:16,temperature,4.4
2021-05-31,22:52:16,humidity,80
2021-05-31,22:52:16,temperature,4.2
2021-05-31,22:50:16,humidity,79
2021-05-31,22:50:16,temperature,4.2
2021-05-31,22:48:16,humidity,79
2021-05-31,22:48:16,temperature,4.4
2021-05-31,22:46:16,humidity,79
2021-05-31,22:46:16,temperature,4.7
2021-05-31,22:44:06,humidity,79
2021-05-31,22:44:06,temperature,4.9
2021-05-31,22:42:06,humidity,79
2021-05-31,22:42:06,temperature,5.2
2021-05-31,22:40:06,humidity,80
2021-05-31,22:40:06,temperature,5.2
2021-05-31,22:38:06,humidity,81
2021-05-31,22:38:06,temperature,4.9
2021-05-31,22:36:06,humidity,81
2021-05-31,22:36:06,temperature,4.6
2021-05-31,22:34:12,humidity,80
2021-05-31,22:34:12,temperature,4.2
2021-05-31,22:32:12,humidity,80
2021-05-31,22:32:12,temperature,4.1
2021-05-31,22:30:12,humidity,79
2021-05-31,22:30:12,temperature,4.2
2021-05-31,22:28:12,humidity,79
2021-05-31,22:28:12,temperature,4.5
2021-05-31,22:26:02,humidity,79
2021-05-31,22:26:02,temperature,4.8
2021-05-31,22:24:02,humidity,79
2021-05-31,22:24:02,temperature,5.1
2021-05-31,22:22:03,humidity,79
2021-05-31,22:22:03,temperature,5.2
2021-05-31,22:19:53,humidity,80
2021-05-31,22:19:53,temperature,5.2
2021-05-31,22:17:53,humidity,81
2021-05-31,22:17:53,temperature,4.8
2021-05-31,22:15:48,humidity,81
2021-05-31,22:15:48,temperature,4.5
2021-05-31,22:13:48,humidity,80
2021-05-31,22:13:48,temperature,4.1
2021-05-31,22:11:48,humidity,80
2021-05-31,22:11:48,temperature,4.1
2021-05-31,22:09:48,humidity,79
2021-05-31,22:09:48,temperature,4.2
2021-05-31,22:07:38,humidity,78
2021-05-31,22:07:38,temperature,4.5
2021-05-31,22:05:38,humidity,78
2021-05-31,22:05:38,temperature,4.8
2021-05-31,22:03:38,humidity,79
2021-05-31,22:03:38,temperature,5.1
2021-05-31,22:01:48,humidity,80
2021-05-31,22:01:48,temperature,5.2
2021-05-31,21:59:38,humidity,81
2021-05-31,21:59:38,temperature,5.1
2021-05-31,21:57:38,humidity,81
2021-05-31,21:57:38,temperature,4.7
2021-05-31,21:55:33,humidity,80
2021-05-31,21:55:33,temperature,4.3
2021-05-31,21:53:33,humidity,80
2021-05-31,21:53:33,temperature,4.1
2021-05-31,21:51:33,humidity,79
2021-05-31,21:51:33,temperature,4.1
2021-05-31,21:49:33,humidity,79
2021-05-31,21:49:33,temperature,4.3
2021-05-31,21:47:33,humidity,78
2021-05-31,21:47:33,temperature,4.6
2021-05-31,21:45:23,humidity,79
2021-05-31,21:45:23,temperature,4.9
2021-05-31,21:43:23,humidity,79
2021-05-31,21:43:23,temperature,5.2
2021-05-31,21:41:33,humidity,80
2021-05-31,21:41:33,temperature,5.2
2021-05-31,21:39:33,humidity,81
2021-05-31,21:39:33,temperature,4.9
2021-05-31,21:37:23,humidity,81
2021-05-31,21:37:23,temperature,4.6
2021-05-31,21:35:18,humidity,80
2021-05-31,21:35:18,temperature,4.2
2021-05-31,21:33:18,humidity,80
2021-05-31,21:33:18,temperature,4.1
2021-05-31,21:31:18,humidity,79
2021-05-31,21:31:18,temperature,4
2021-05-31,21:29:18,humidity,79
2021-05-31,21:29:18,temperature,4.2
2021-05-31,21:27:18,humidity,78
2021-05-31,21:27:18,temperature,4.6
2021-05-31,21:25:08,humidity,79
2021-05-31,21:25:08,temperature,4.8
2021-05-31,21:23:08,humidity,79
2021-05-31,21:23:08,temperature,5.2
2021-05-31,21:21:17,humidity,80
2021-05-31,21:21:17,temperature,5.2
2021-05-31,21:19:07,humidity,81
2021-05-31,21:19:07,temperature,5.1
2021-05-31,21:17:07,humidity,81
2021-05-31,21:17:07,temperature,4.7
2021-05-31,21:15:03,humidity,80
2021-05-31,21:15:03,temperature,4.4
2021-05-31,21:13:03,humidity,80
2021-05-31,21:13:03,temperature,4.1
2021-05-31,21:11:03,humidity,79
2021-05-31,21:11:03,temperature,4.1
2021-05-31,21:09:03,humidity,79
2021-05-31,21:09:03,temperature,4.2
2021-05-31,21:07:03,humidity,78
2021-05-31,21:07:03,temperature,4.6
2021-05-31,21:04:53,humidity,79
2021-05-31,21:04:53,temperature,4.8
2021-05-31,21:02:53,humidity,79
2021-05-31,21:02:53,temperature,5.2
2021-05-31,21:01:02,humidity,80
2021-05-31,21:01:02,temperature,5.2
2021-05-31,20:58:52,humidity,81
2021-05-31,20:58:52,temperature,4.9
2021-05-31,20:56:52,humidity,81
2021-05-31,20:56:52,temperature,4.6
2021-05-31,20:54:48,humidity,80
2021-05-31,20:54:48,temperature,4.2
2021-05-31,20:52:48,humidity,80
2021-05-31,20:52:48,temperature,4.1
2021-05-31,20:50:48,humidity,79
2021-05-31,20:50:48,temperature,4.2
2021-05-31,20:48:48,humidity,79
2021-05-31,20:48:48,temperature,4.3
2021-05-31,20:46:48,humidity,79
2021-05-31,20:46:48,temperature,4.7
2021-05-31,20:44:38,humidity,79
2021-05-31,20:44:38,temperature,4.9
2021-05-31,20:42:38,humidity,79
2021-05-31,20:42:38,temperature,5.2
2021-05-31,20:40:37,humidity,80
2021-05-31,20:40:37,temperature,5.2
2021-05-31,20:38:37,humidity,81
2021-05-31,20:38:37,temperature,4.8
2021-05-31,20:36:44,humidity,81
2021-05-31,20:36:44,temperature,4.5
2021-05-31,20:34:34,humidity,80
2021-05-31,20:34:34,temperature,4.2
2021-05-31,20:32:34,humidity,80
2021-05-31,20:32:34,temperature,4.1
2021-05-31,20:30:34,humidity,79
2021-05-31,20:30:34,temperature,4.2
2021-05-31,20:28:34,humidity,78
2021-05-31,20:28:34,temperature,4.4
2021-05-31,20:26:34,humidity,79
2021-05-31,20:26:34,temperature,4.8
2021-05-31,20:24:24,humidity,79
2021-05-31,20:24:24,temperature,5.1
2021-05-31,20:22:33,humidity,79
2021-05-31,20:22:33,temperature,5.2
2021-05-31,20:20:23,humidity,80
2021-05-31,20:20:23,temperature,5.2
2021-05-31,20:18:23,humidity,81
2021-05-31,20:18:23,temperature,4.8
2021-05-31,20:16:19,humidity,80
2021-05-31,20:16:19,temperature,4.4
2021-05-31,20:14:19,humidity,80
2021-05-31,20:14:19,temperature,4.1
2021-05-31,20:12:19,humidity,80
2021-05-31,20:12:19,temperature,4.1
2021-05-31,20:10:19,humidity,79
2021-05-31,20:10:19,temperature,4.2
2021-05-31,20:08:19,humidity,78
2021-05-31,20:08:19,temperature,4.5
2021-05-31,20:06:09,humidity,78
2021-05-31,20:06:09,temperature,4.8
2021-05-31,20:04:09,humidity,79
2021-05-31,20:04:09,temperature,5.1
2021-05-31,20:02:18,humidity,80
2021-05-31,20:02:18,temperature,5.2
2021-05-31,20:00:08,humidity,80
2021-05-31,20:00:08,temperature,5.2
2021-05-31,19:58:08,humidity,81
2021-05-31,19:58:08,temperature,4.7
2021-05-31,19:56:14,humidity,80
2021-05-31,19:56:14,temperature,4.4
2021-05-31,19:54:04,humidity,80
2021-05-31,19:54:04,temperature,4.1
2021-05-31,19:52:04,humidity,80
2021-05-31,19:52:04,temperature,4.1
2021-05-31,19:50:04,humidity,79
2021-05-31,19:50:04,temperature,4.1
2021-05-31,19:48:04,humidity,78
2021-05-31,19:48:04,temperature,4.4
2021-05-31,19:46:04,humidity,78
2021-05-31,19:46:04,temperature,4.8
2021-05-31,19:43:54,humidity,79
2021-05-31,19:43:54,temperature,5.1
2021-05-31,19:42:03,humidity,80
2021-05-31,19:42:03,temperature,5.2
2021-05-31,19:40:03,humidity,80
2021-05-31,19:40:03,temperature,5.1
2021-05-31,19:37:53,humidity,81
2021-05-31,19:37:53,temperature,4.7
2021-05-31,19:35:49,humidity,80
2021-05-31,19:35:49,temperature,4.4
2021-05-31,19:33:49,humidity,80
2021-05-31,19:33:49,temperature,4.1
2021-05-31,19:31:49,humidity,79
2021-05-31,19:31:49,temperature,4.1
2021-05-31,19:29:49,humidity,79
2021-05-31,19:29:49,temperature,4.2
2021-05-31,19:27:49,humidity,78
2021-05-31,19:27:49,temperature,4.6
2021-05-31,19:25:39,humidity,79
2021-05-31,19:25:39,temperature,4.8
2021-05-31,19:23:39,humidity,79
2021-05-31,19:23:39,temperature,5.1
2021-05-31,19:21:48,humidity,80
2021-05-31,19:21:48,temperature,5.2
2021-05-31,19:19:38,humidity,81
2021-05-31,19:19:38,temperature,5.1
2021-05-31,19:17:38,humidity,81
2021-05-31,19:17:38,temperature,4.7
2021-05-31,19:15:34,humidity,80
2021-05-31,19:15:34,temperature,4.3
2021-05-31,19:13:34,humidity,80
2021-05-31,19:13:34,temperature,4.1
2021-05-31,19:11:34,humidity,79
2021-05-31,19:11:34,temperature,4.1
2021-05-31,19:09:34,humidity,79
2021-05-31,19:09:34,temperature,4.3
2021-05-31,19:07:34,humidity,78
2021-05-31,19:07:34,temperature,4.7
2021-05-31,19:05:24,humidity,79
2021-05-31,19:05:24,temperature,4.9
2021-05-31,19:03:24,humidity,79
2021-05-31,19:03:24,temperature,5.2
2021-05-31,19:01:23,humidity,80
2021-05-31,19:01:23,temperature,5.2
2021-05-31,18:59:23,humidity,81
2021-05-31,18:59:23,temperature,4.9
2021-05-31,18:57:20,humidity,81
2021-05-31,18:57:20,temperature,4.6
2021-05-31,18:55:20,humidity,80
2021-05-31,18:55:20,temperature,4.2
2021-05-31,18:53:20,humidity,80
2021-05-31,18:53:20,temperature,4.1
2021-05-31,18:51:20,humidity,79
2021-05-31,18:51:20,temperature,4.2
2021-05-31,18:49:20,humidity,78
2021-05-31,18:49:20,temperature,4.4
2021-05-31,18:47:10,humidity,78
2021-05-31,18:47:10,temperature,4.7
2021-05-31,18:45:10,humidity,79
2021-05-31,18:45:10,temperature,4.9
2021-05-31,18:43:19,humidity,79
2021-05-31,18:43:19,temperature,5.2
2021-05-31,18:41:09,humidity,80
2021-05-31,18:41:09,temperature,5.2
2021-05-31,18:39:09,humidity,81
2021-05-31,18:39:09,temperature,4.7
2021-05-31,18:37:15,humidity,80
2021-05-31,18:37:15,temperature,4.4
2021-05-31,18:35:05,humidity,80
2021-05-31,18:35:05,temperature,4.1
2021-05-31,18:33:05,humidity,80
2021-05-31,18:33:05,temperature,4.1
2021-05-31,18:31:05,humidity,79
2021-05-31,18:31:05,temperature,4.1
2021-05-31,18:29:05,humidity,78
2021-05-31,18:29:05,temperature,4.4
2021-05-31,18:27:05,humidity,78
2021-05-31,18:27:05,temperature,4.8
2021-05-31,18:24:55,humidity,79
2021-05-31,18:24:55,temperature,5.2
2021-05-31,18:22:55,humidity,79
2021-05-31,18:22:55,temperature,5.3
2021-05-31,18:20:53,humidity,80
2021-05-31,18:20:53,temperature,5.3
2021-05-31,18:18:53,humidity,81
2021-05-31,18:18:53,temperature,4.9
2021-05-31,18:16:50,humidity,80
2021-05-31,18:16:50,temperature,4.6
2021-05-31,18:14:50,humidity,80
2021-05-31,18:14:50,temperature,4.4
2021-05-31,18:12:50,humidity,79
2021-05-31,18:12:50,temperature,4.3
2021-05-31,18:10:50,humidity,79
2021-05-31,18:10:50,temperature,4.5
2021-05-31,18:08:50,humidity,78
2021-05-31,18:08:50,temperature,4.7
2021-05-31,18:06:40,humidity,79
2021-05-31,18:06:40,temperature,4.9
2021-05-31,18:04:40,humidity,79
2021-05-31,18:04:40,temperature,5.2
2021-05-31,18:02:49,humidity,80
2021-05-31,18:02:49,temperature,5.2
2021-05-31,18:00:49,humidity,81
2021-05-31,18:00:49,temperature,4.9
2021-05-31,17:58:51,humidity,80
2021-05-31,17:58:51,temperature,4.6
2021-05-31,17:56:41,humidity,80
2021-05-31,17:56:41,temperature,4.2
2021-05-31,17:54:41,humidity,80
2021-05-31,17:54:41,temperature,4.1
2021-05-31,17:52:41,humidity,79
2021-05-31,17:52:41,temperature,4.1
2021-05-31,17:50:41,humidity,78
2021-05-31,17:50:41,temperature,4.4
2021-05-31,17:48:41,humidity,78
2021-05-31,17:48:41,temperature,4.7
2021-05-31,17:46:31,humidity,79
2021-05-31,17:46:31,temperature,4.9
2021-05-31,17:44:31,humidity,79
2021-05-31,17:44:31,temperature,5.2
2021-05-31,17:38:31,humidity,80
2021-05-31,17:38:31,temperature,4.6
2021-05-31,17:36:21,humidity,80
2021-05-31,17:36:21,temperature,4.2
2021-05-31,17:34:21,humidity,80
2021-05-31,17:34:21,temperature,4.1
2021-05-31,17:32:21,humidity,79
2021-05-31,17:32:21,temperature,4.1
2021-05-31,17:30:21,humidity,78
2021-05-31,17:30:21,temperature,4.2
2021-05-31,17:28:21,humidity,78
2021-05-31,17:28:21,temperature,4.6
2021-05-31,17:26:11,humidity,78
2021-05-31,17:26:11,temperature,4.9
2021-05-31,17:24:11,humidity,79
2021-05-31,17:24:11,temperature,5.2
2021-05-31,17:22:19,humidity,80
2021-05-31,17:22:19,temperature,5.3
2021-05-31,17:20:09,humidity,81
2021-05-31,17:20:09,temperature,5.1
2021-05-31,17:18:09,humidity,81
2021-05-31,17:18:09,temperature,4.7
2021-05-31,17:16:04,humidity,80
2021-05-31,17:16:04,temperature,4.3
2021-05-31,17:14:04,humidity,80
2021-05-31,17:14:04,temperature,4.1
2021-05-31,17:12:04,humidity,79
2021-05-31,17:12:04,temperature,4.1
2021-05-31,17:10:04,humidity,79
2021-05-31,17:10:04,temperature,4.2
2021-05-31,17:08:04,humidity,78
2021-05-31,17:08:04,temperature,4.6
2021-05-31,17:05:54,humidity,78
2021-05-31,17:05:54,temperature,4.8
2021-05-31,17:03:54,humidity,79
2021-05-31,17:03:54,temperature,5.2
2021-05-31,17:01:54,humidity,80
2021-05-31,17:01:54,temperature,5.3
2021-05-31,16:59:54,humidity,81
2021-05-31,16:59:54,temperature,5.1
2021-05-31,16:58:01,humidity,81
2021-05-31,16:58:01,temperature,4.6
2021-05-31,16:55:51,humidity,80
2021-05-31,16:55:51,temperature,4.2
2021-05-31,16:53:51,humidity,80
2021-05-31,16:53:51,temperature,4.1
2021-05-31,16:51:51,humidity,79
2021-05-31,16:51:51,temperature,4.2
2021-05-31,16:49:51,humidity,78
2021-05-31,16:49:51,temperature,4.4
2021-05-31,16:47:51,humidity,78
2021-05-31,16:47:51,temperature,4.7
2021-05-31,16:45:41,humidity,79
2021-05-31,16:45:41,temperature,4.9
2021-05-31,16:43:41,humidity,79
2021-05-31,16:43:41,temperature,5.2
2021-05-31,16:41:38,humidity,80
2021-05-31,16:41:38,temperature,5.3
2021-05-31,16:39:38,humidity,81
2021-05-31,16:39:38,temperature,4.9
2021-05-31,16:37:45,humidity,80
2021-05-31,16:37:45,temperature,4.6
2021-05-31,16:35:35,humidity,80
2021-05-31,16:35:35,temperature,4.2
2021-05-31,16:33:35,humidity,80
2021-05-31,16:33:35,temperature,4.1
2021-05-31,16:31:35,humidity,79
2021-05-31,16:31:35,temperature,4.2
2021-05-31,16:29:35,humidity,78
2021-05-31,16:29:35,temperature,4.5
2021-05-31,16:27:35,humidity,78
2021-05-31,16:27:35,temperature,4.8
2021-05-31,16:25:25,humidity,79
2021-05-31,16:25:25,temperature,5.1
2021-05-31,16:23:25,humidity,79
2021-05-31,16:23:25,temperature,5.2
2021-05-31,16:21:23,humidity,80
2021-05-31,16:21:23,temperature,5.2
2021-05-31,16:19:23,humidity,81
2021-05-31,16:19:23,temperature,4.8
2021-05-31,16:17:20,humidity,80
2021-05-31,16:17:20,temperature,4.5
2021-05-31,16:15:20,humidity,80
2021-05-31,16:15:20,temperature,4.2
2021-05-31,16:13:20,humidity,79
2021-05-31,16:13:20,temperature,4.2
2021-05-31,16:11:20,humidity,78
2021-05-31,16:11:20,temperature,4.3
2021-05-31,16:09:20,humidity,78
2021-05-31,16:09:20,temperature,4.6
2021-05-31,16:07:10,humidity,78
2021-05-31,16:07:10,temperature,4.8
2021-05-31,16:05:10,humidity,79
2021-05-31,16:05:10,temperature,5.2
2021-05-31,16:03:09,humidity,79
2021-05-31,16:03:09,temperature,5.3
2021-05-31,16:01:09,humidity,80
2021-05-31,16:01:09,temperature,5.1
2021-05-31,15:59:16,humidity,80
2021-05-31,15:59:16,temperature,4.7
2021-05-31,15:57:06,humidity,80
2021-05-31,15:57:06,temperature,4.3
2021-05-31,15:55:06,humidity,80
2021-05-31,15:55:06,temperature,4.2
2021-05-31,15:53:06,humidity,79
2021-05-31,15:53:06,temperature,4.2
2021-05-31,15:51:06,humidity,78
2021-05-31,15:51:06,temperature,4.4
2021-05-31,15:49:06,humidity,78
2021-05-31,15:49:06,temperature,4.7
2021-05-31,15:46:56,humidity,79
2021-05-31,15:46:56,temperature,4.9
2021-05-31,15:44:56,humidity,79
2021-05-31,15:44:56,temperature,5.2
2021-05-31,15:42:54,humidity,80
2021-05-31,15:42:54,temperature,5.2
2021-05-31,15:40:54,humidity,81
2021-05-31,15:40:54,temperature,4.9
2021-05-31,15:39:01,humidity,80
2021-05-31,15:39:01,temperature,4.6
2021-05-31,15:36:51,humidity,80
2021-05-31,15:36:51,temperature,4.2
2021-05-31,15:34:51,humidity,80
2021-05-31,15:34:51,temperature,4.1
2021-05-31,15:32:51,humidity,79
2021-05-31,15:32:51,temperature,4
2021-05-31,15:30:51,humidity,78
2021-05-31,15:30:51,temperature,4.2
2021-05-31,15:28:51,humidity,78
2021-05-31,15:28:51,temperature,4.6
2021-05-31,15:26:41,humidity,78
2021-05-31,15:26:41,temperature,4.8
2021-05-31,15:24:41,humidity,79
2021-05-31,15:24:41,temperature,5.2
2021-05-31,15:22:49,humidity,79
2021-05-31,15:22:49,temperature,5.3
2021-05-31,15:20:39,humidity,80
2021-05-31,15:20:39,temperature,5.2
2021-05-31,15:18:46,humidity,80
2021-05-31,15:18:46,temperature,4.7
2021-05-31,15:16:36,humidity,80
2021-05-31,15:16:36,temperature,4.4
2021-05-31,15:14:36,humidity,80
2021-05-31,15:14:36,temperature,4.2
2021-05-31,15:12:36,humidity,79
2021-05-31,15:12:36,temperature,4.1
2021-05-31,15:10:36,humidity,78
2021-05-31,15:10:36,temperature,4.2
2021-05-31,15:08:36,humidity,78
2021-05-31,15:08:36,temperature,4.6
2021-05-31,15:06:26,humidity,78
2021-05-31,15:06:26,temperature,4.8
2021-05-31,15:04:26,humidity,79
2021-05-31,15:04:26,temperature,5.2
2021-05-31,15:02:23,humidity,79
2021-05-31,15:02:23,temperature,5.2
2021-05-31,15:00:23,humidity,80
2021-05-31,15:00:23,temperature,5.2
2021-05-31,14:58:30,humidity,80
2021-05-31,14:58:30,temperature,4.7
2021-05-31,14:56:20,humidity,80
2021-05-31,14:56:20,temperature,4.4
2021-05-31,14:54:20,humidity,80
2021-05-31,14:54:20,temperature,4.1
2021-05-31,14:52:20,humidity,79
2021-05-31,14:52:20,temperature,4.1
2021-05-31,14:50:20,humidity,78
2021-05-31,14:50:20,temperature,4.2
2021-05-31,14:48:20,humidity,78
2021-05-31,14:48:20,temperature,4.6
2021-05-31,14:46:10,humidity,78
2021-05-31,14:46:10,temperature,4.9
2021-05-31,14:44:10,humidity,79
2021-05-31,14:44:10,temperature,5.2
2021-05-31,14:42:08,humidity,80
2021-05-31,14:42:08,temperature,5.2
2021-05-31,14:40:08,humidity,81
2021-05-31,14:40:08,temperature,4.9
2021-05-31,14:38:15,humidity,80
2021-05-31,14:38:15,temperature,4.6
2021-05-31,14:36:05,humidity,80
2021-05-31,14:36:05,temperature,4.2
2021-05-31,14:34:05,humidity,80
2021-05-31,14:34:05,temperature,4.1
2021-05-31,14:32:05,humidity,79
2021-05-31,14:32:05,temperature,4.1
2021-05-31,14:30:05,humidity,78
2021-05-31,14:30:05,temperature,4.3
2021-05-31,14:28:05,humidity,78
2021-05-31,14:28:05,temperature,4.7
2021-05-31,14:25:55,humidity,78
2021-05-31,14:25:55,temperature,4.9
2021-05-31,14:23:55,humidity,79
2021-05-31,14:23:55,temperature,5.2
2021-05-31,14:21:53,humidity,80
2021-05-31,14:21:53,temperature,5.3
2021-05-31,14:19:53,humidity,81
2021-05-31,14:19:53,temperature,4.9
2021-05-31,14:18:00,humidity,80
2021-05-31,14:18:00,temperature,4.6
2021-05-31,14:15:50,humidity,80
2021-05-31,14:15:50,temperature,4.3
2021-05-31,14:13:50,humidity,80
2021-05-31,14:13:50,temperature,4.1
2021-05-31,14:11:50,humidity,79
2021-05-31,14:11:50,temperature,4.2
2021-05-31,14:09:50,humidity,78
2021-05-31,14:09:50,temperature,4.4
2021-05-31,14:07:50,humidity,78
2021-05-31,14:07:50,temperature,4.7
2021-05-31,14:05:40,humidity,78
2021-05-31,14:05:40,temperature,4.9
2021-05-31,14:03:40,humidity,79
2021-05-31,14:03:40,temperature,5.2
2021-05-31,14:01:48,humidity,80
2021-05-31,14:01:48,temperature,5.3
2021-05-31,13:59:38,humidity,81
2021-05-31,13:59:38,temperature,4.9
2021-05-31,13:57:45,humidity,80
2021-05-31,13:57:45,temperature,4.6
2021-05-31,13:55:35,humidity,80
2021-05-31,13:55:35,temperature,4.2
2021-05-31,13:53:35,humidity,79
2021-05-31,13:53:35,temperature,4.1
2021-05-31,13:51:35,humidity,79
2021-05-31,13:51:35,temperature,4.2
2021-05-31,13:49:35,humidity,78
2021-05-31,13:49:35,temperature,4.6
2021-05-31,13:47:35,humidity,78
2021-05-31,13:47:35,temperature,4.8
2021-05-31,13:45:25,humidity,79
2021-05-31,13:45:25,temperature,4.9
2021-05-31,13:43:25,humidity,79
2021-05-31,13:43:25,temperature,5.2
2021-05-31,13:41:33,humidity,80
2021-05-31,13:41:33,temperature,5.2
2021-05-31,13:39:23,humidity,81
2021-05-31,13:39:23,temperature,4.7
2021-05-31,13:37:29,humidity,80
2021-05-31,13:37:29,temperature,4.4
2021-05-31,13:35:19,humidity,80
2021-05-31,13:35:19,temperature,4.1
2021-05-31,13:33:19,humidity,79
2021-05-31,13:33:19,temperature,4
2021-05-31,13:31:19,humidity,79
2021-05-31,13:31:19,temperature,4.1
2021-05-31,13:29:19,humidity,78
2021-05-31,13:29:19,temperature,4.3
2021-05-31,13:27:19,humidity,78
2021-05-31,13:27:19,temperature,4.7
2021-05-31,13:25:09,humidity,78
2021-05-31,13:25:09,temperature,4.9
2021-05-31,13:23:09,humidity,79
2021-05-31,13:23:09,temperature,5.2
2021-05-31,13:21:17,humidity,80
2021-05-31,13:21:17,temperature,5.2
2021-05-31,13:19:07,humidity,80
2021-05-31,13:19:07,temperature,4.8
2021-05-31,13:17:04,humidity,80
2021-05-31,13:17:04,temperature,4.6
2021-05-31,13:15:04,humidity,80
2021-05-31,13:15:04,temperature,4.2
2021-05-31,13:13:04,humidity,79
2021-05-31,13:13:04,temperature,4.1
2021-05-31,13:11:04,humidity,78
2021-05-31,13:11:04,temperature,4.2
2021-05-31,13:09:04,humidity,78
2021-05-31,13:09:04,temperature,4.6
2021-05-31,13:06:54,humidity,78
2021-05-31,13:06:54,temperature,4.8
2021-05-31,13:04:54,humidity,79
2021-05-31,13:04:54,temperature,5.2
2021-05-31,13:02:53,humidity,79
2021-05-31,13:02:53,temperature,5.3
2021-05-31,13:00:53,humidity,80
2021-05-31,13:00:53,temperature,5.2
2021-05-31,12:59:00,humidity,80
2021-05-31,12:59:00,temperature,4.7
2021-05-31,12:56:50,humidity,80
2021-05-31,12:56:50,temperature,4.4
2021-05-31,12:54:50,humidity,80
2021-05-31,12:54:50,temperature,4.2
2021-05-31,12:52:50,humidity,79
2021-05-31,12:52:50,temperature,4.2
2021-05-31,12:50:50,humidity,78
2021-05-31,12:50:50,temperature,4.4
2021-05-31,12:48:50,humidity,78
2021-05-31,12:48:50,temperature,4.7
2021-05-31,12:46:40,humidity,78
2021-05-31,12:46:40,temperature,4.9
2021-05-31,12:44:40,humidity,79
2021-05-31,12:44:40,temperature,5.2
2021-05-31,12:42:38,humidity,80
2021-05-31,12:42:38,temperature,5.2
2021-05-31,12:40:38,humidity,80
2021-05-31,12:40:38,temperature,4.9
2021-05-31,12:38:45,humidity,80
2021-05-31,12:38:45,temperature,4.6
2021-05-31,12:36:35,humidity,80
2021-05-31,12:36:35,temperature,4.2
2021-05-31,12:34:35,humidity,80
2021-05-31,12:34:35,temperature,4.1
2021-05-31,12:32:35,humidity,79
2021-05-31,12:32:35,temperature,4.1
2021-05-31,12:30:35,humidity,78
2021-05-31,12:30:35,temperature,4.3
2021-05-31,12:28:35,humidity,78
2021-05-31,12:28:35,temperature,4.7
2021-05-31,12:26:25,humidity,78
2021-05-31,12:26:25,temperature,5.1
2021-05-31,12:24:25,humidity,79
2021-05-31,12:24:25,temperature,5.2
2021-05-31,12:22:22,humidity,80
2021-05-31,12:22:22,temperature,5.2
2021-05-31,12:20:31,humidity,80
2021-05-31,12:20:31,temperature,4.8
2021-05-31,12:18:21,humidity,80
2021-05-31,12:18:21,temperature,4.5
2021-05-31,12:16:21,humidity,80
2021-05-31,12:16:21,temperature,4.2
2021-05-31,12:14:21,humidity,79
2021-05-31,12:14:21,temperature,4.1
2021-05-31,12:12:21,humidity,78
2021-05-31,12:12:21,temperature,4.2
2021-05-31,12:10:21,humidity,78
2021-05-31,12:10:21,temperature,4.6
2021-05-31,12:08:11,humidity,78
2021-05-31,12:08:11,temperature,4.8
2021-05-31,12:06:11,humidity,79
2021-05-31,12:06:11,temperature,5.1
2021-05-31,12:04:18,humidity,79
2021-05-31,12:04:18,temperature,5.2
2021-05-31,12:02:08,humidity,80
2021-05-31,12:02:08,temperature,5.2
2021-05-31,12:00:15,humidity,80
2021-05-31,12:00:15,temperature,4.7
2021-05-31,11:58:05,humidity,80
2021-05-31,11:58:05,temperature,4.4
2021-05-31,11:56:05,humidity,80
2021-05-31,11:56:05,temperature,4.1
2021-05-31,11:54:05,humidity,79
2021-05-31,11:54:05,temperature,4.2
2021-05-31,11:52:05,humidity,78
2021-05-31,11:52:05,temperature,4.3
2021-05-31,11:50:05,humidity,78
2021-05-31,11:50:05,temperature,4.7
2021-05-31,11:47:55,humidity,78
2021-05-31,11:47:55,temperature,4.9
2021-05-31,11:45:55,humidity,79
2021-05-31,11:45:55,temperature,5.2
2021-05-31,11:43:53,humidity,80
2021-05-31,11:43:53,temperature,5.3
2021-05-31,11:41:53,humidity,80
2021-05-31,11:41:53,temperature,4.9
2021-05-31,11:40:00,humidity,80
2021-05-31,11:40:00,temperature,4.6
2021-05-31,11:37:50,humidity,80
2021-05-31,11:37:50,temperature,4.2
2021-05-31,11:35:50,humidity,80
2021-05-31,11:35:50,temperature,4.1
2021-05-31,11:33:50,humidity,79
2021-05-31,11:33:50,temperature,4.1
2021-05-31,11:31:50,humidity,78
2021-05-31,11:31:50,temperature,4.2
2021-05-31,11:29:50,humidity,78
2021-05-31,11:29:50,temperature,4.6
2021-05-31,11:27:40,humidity,78
2021-05-31,11:27:40,temperature,4.9
2021-05-31,11:25:40,humidity,79
2021-05-31,11:25:40,temperature,5.2
2021-05-31,11:23:47,humidity,79
2021-05-31,11:23:47,temperature,5.3
2021-05-31,11:21:37,humidity,80
2021-05-31,11:21:37,temperature,5.1
2021-05-31,11:19:44,humidity,80
2021-05-31,11:19:44,temperature,4.7
2021-05-31,11:17:34,humidity,80
2021-05-31,11:17:34,temperature,4.3
2021-05-31,11:15:34,humidity,80
2021-05-31,11:15:34,temperature,4.1
2021-05-31,11:13:34,humidity,79
2021-05-31,11:13:34,temperature,4.1
2021-05-31,11:11:34,humidity,78
2021-05-31,11:11:34,temperature,4.3
2021-05-31,11:09:34,humidity,78
2021-05-31,11:09:34,temperature,4.7
2021-05-31,11:07:24,humidity,78
2021-05-31,11:07:24,temperature,4.9
2021-05-31,11:05:24,humidity,79
2021-05-31,11:05:24,temperature,5.2
2021-05-31,11:03:32,humidity,80
2021-05-31,11:03:32,temperature,5.3
2021-05-31,11:01:22,humidity,80
2021-05-31,11:01:22,temperature,4.9
2021-05-31,10:59:29,humidity,80
2021-05-31,10:59:29,temperature,4.6
2021-05-31,10:57:19,humidity,80
2021-05-31,10:57:19,temperature,4.2
2021-05-31,10:55:19,humidity,79
2021-05-31,10:55:19,temperature,4.2
2021-05-31,10:53:19,humidity,78
2021-05-31,10:53:19,temperature,4.2
2021-05-31,10:51:19,humidity,78
2021-05-31,10:51:19,temperature,4.5
2021-05-31,10:49:19,humidity,78
2021-05-31,10:49:19,temperature,4.8
2021-05-31,10:47:09,humidity,78
2021-05-31,10:47:09,temperature,4.9
2021-05-31,10:45:09,humidity,79
2021-05-31,10:45:09,temperature,5.2
2021-05-31,10:43:06,humidity,80
2021-05-31,10:43:06,temperature,5.2
2021-05-31,10:41:15,humidity,80
2021-05-31,10:41:15,temperature,4.9
2021-05-31,10:39:15,humidity,80
2021-05-31,10:39:15,temperature,4.6
2021-05-31,10:37:05,humidity,80
2021-05-31,10:37:05,temperature,4.2
2021-05-31,10:35:05,humidity,79
2021-05-31,10:35:05,temperature,4.2
2021-05-31,10:33:05,humidity,78
2021-05-31,10:33:05,temperature,4.3
2021-05-31,10:31:05,humidity,78
2021-05-31,10:31:05,temperature,4.6
2021-05-31,10:29:05,humidity,78
2021-05-31,10:29:05,temperature,4.8
2021-05-31,10:26:55,humidity,79
2021-05-31,10:26:55,temperature,5.2
2021-05-31,10:24:55,humidity,79
2021-05-31,10:24:55,temperature,5.3
2021-05-31,10:22:51,humidity,80
2021-05-31,10:22:51,temperature,5.2
2021-05-31,10:20:59,humidity,80
2021-05-31,10:20:59,temperature,4.7
2021-05-31,10:18:49,humidity,80
2021-05-31,10:18:49,temperature,4.4
2021-05-31,10:16:49,humidity,79
2021-05-31,10:16:49,temperature,4.2
2021-05-31,10:14:49,humidity,79
2021-05-31,10:14:49,temperature,4.2
2021-05-31,10:12:49,humidity,78
2021-05-31,10:12:49,temperature,4.4
2021-05-31,10:10:49,humidity,78
2021-05-31,10:10:49,temperature,4.7
2021-05-31,10:08:39,humidity,78
2021-05-31,10:08:39,temperature,4.9
2021-05-31,10:06:39,humidity,79
2021-05-31,10:06:39,temperature,5.2
2021-05-31,10:04:47,humidity,79
2021-05-31,10:04:47,temperature,5.3
2021-05-31,10:02:37,humidity,80
2021-05-31,10:02:37,temperature,4.9
2021-05-31,10:00:44,humidity,80
2021-05-31,10:00:44,temperature,4.6
2021-05-31,09:58:34,humidity,80
2021-05-31,09:58:34,temperature,4.2
2021-05-31,09:56:34,humidity,79
2021-05-31,09:56:34,temperature,4.1
2021-05-31,09:54:34,humidity,78
2021-05-31,09:54:34,temperature,4.2
2021-05-31,09:52:34,humidity,78
2021-05-31,09:52:34,temperature,4.4
2021-05-31,09:50:34,humidity,78
2021-05-31,09:50:34,temperature,4.7
2021-05-31,09:48:24,humidity,78
2021-05-31,09:48:24,temperature,4.9
2021-05-31,09:46:24,humidity,79
2021-05-31,09:46:24,temperature,5.2
2021-05-31,09:44:22,humidity,80
2021-05-31,09:44:22,temperature,5.2
2021-05-31,09:42:30,humidity,80
2021-05-31,09:42:30,temperature,4.9
2021-05-31,09:40:30,humidity,80
2021-05-31,09:40:30,temperature,4.6
2021-05-31,09:38:20,humidity,80
2021-05-31,09:38:20,temperature,4.2
2021-05-31,09:36:20,humidity,79
2021-05-31,09:36:20,temperature,4.1
2021-05-31,09:34:20,humidity,78
2021-05-31,09:34:20,temperature,4.1
2021-05-31,09:32:20,humidity,78
2021-05-31,09:32:20,temperature,4.4
2021-05-31,09:30:20,humidity,78
2021-05-31,09:30:20,temperature,4.7
2021-05-31,09:28:10,humidity,78
2021-05-31,09:28:10,temperature,5.1
2021-05-31,09:26:10,humidity,79
2021-05-31,09:26:10,temperature,5.3
2021-05-31,09:24:06,humidity,80
2021-05-31,09:24:06,temperature,5.3
2021-05-31,09:22:15,humidity,80
2021-05-31,09:22:15,temperature,4.9
2021-05-31,09:20:05,humidity,80
2021-05-31,09:20:05,temperature,4.6
2021-05-31,09:18:05,humidity,80
2021-05-31,09:18:05,temperature,4.3
2021-05-31,09:16:05,humidity,79
2021-05-31,09:16:05,temperature,4.2
2021-05-31,09:14:05,humidity,78
2021-05-31,09:14:05,temperature,4.2
2021-05-31,09:12:05,humidity,78
2021-05-31,09:12:05,temperature,4.6
2021-05-31,09:09:55,humidity,78
2021-05-31,09:09:55,temperature,4.8
2021-05-31,09:07:55,humidity,78
2021-05-31,09:07:55,temperature,5.1
2021-05-31,09:05:55,humidity,79
2021-05-31,09:05:55,temperature,5.2
2021-05-31,09:03:52,humidity,80
2021-05-31,09:03:52,temperature,5.3
2021-05-31,09:02:01,humidity,80
2021-05-31,09:02:01,temperature,4.9
2021-05-31,09:00:01,humidity,80
2021-05-31,09:00:01,temperature,4.6
2021-05-31,08:58:01,humidity,80
2021-05-31,08:58:01,temperature,4.2
2021-05-31,08:56:01,humidity,79
2021-05-31,08:56:01,temperature,4.1
2021-05-31,08:54:01,humidity,78
2021-05-31,08:54:01,temperature,4.2
2021-05-31,08:52:01,humidity,78
2021-05-31,08:52:01,temperature,4.6
2021-05-31,08:49:51,humidity,78
2021-05-31,08:49:51,temperature,4.8
2021-05-31,08:47:51,humidity,78
2021-05-31,08:47:51,temperature,5.2
2021-05-31,08:45:51,humidity,79
2021-05-31,08:45:51,temperature,5.3
2021-05-31,08:43:40,humidity,80
2021-05-31,08:43:40,temperature,5.3
2021-05-31,08:41:49,humidity,80
2021-05-31,08:41:49,temperature,4.9
2021-05-31,08:39:49,humidity,80
2021-05-31,08:39:49,temperature,4.6
2021-05-31,08:37:39,humidity,80
2021-05-31,08:37:39,temperature,4.3
2021-05-31,08:35:39,humidity,79
2021-05-31,08:35:39,temperature,4.2
2021-05-31,08:33:39,humidity,78
2021-05-31,08:33:39,temperature,4.5
2021-05-31,08:31:39,humidity,78
2021-05-31,08:31:39,temperature,4.8
2021-05-31,08:29:39,humidity,78
2021-05-31,08:29:39,temperature,5.2
2021-05-31,08:27:29,humidity,78
2021-05-31,08:27:29,temperature,5.6
2021-05-31,08:25:29,humidity,78
2021-05-31,08:25:29,temperature,5.9
2021-05-31,08:23:25,humidity,79
2021-05-31,08:23:25,temperature,6
2021-05-31,08:21:25,humidity,80
2021-05-31,08:21:25,temperature,5.8
2021-05-31,08:19:33,humidity,80
2021-05-31,08:19:33,temperature,5.3
2021-05-31,08:17:33,humidity,80
2021-05-31,08:17:33,temperature,4.9
2021-05-31,08:15:33,humidity,79
2021-05-31,08:15:33,temperature,4.8
2021-05-31,08:13:23,humidity,78
2021-05-31,08:13:23,temperature,4.9
2021-05-31,08:11:23,humidity,79
2021-05-31,08:11:23,temperature,5.2
2021-05-31,08:09:15,humidity,80
2021-05-31,08:09:15,temperature,5.2
2021-05-31,08:07:23,humidity,80
2021-05-31,08:07:23,temperature,4.8
2021-05-31,08:05:23,humidity,80
2021-05-31,08:05:23,temperature,4.5
2021-05-31,08:03:23,humidity,80
2021-05-31,08:03:23,temperature,4.2
2021-05-31,08:01:13,humidity,79
2021-05-31,08:01:13,temperature,4.1
2021-05-31,07:59:13,humidity,78
2021-05-31,07:59:13,temperature,4.2
2021-05-31,07:57:13,humidity,78
2021-05-31,07:57:13,temperature,4.6
2021-05-31,07:55:13,humidity,78
2021-05-31,07:55:13,temperature,4.8
2021-05-31,07:53:13,humidity,78
2021-05-31,07:53:13,temperature,5.1
2021-05-31,07:51:03,humidity,79
2021-05-31,07:51:03,temperature,5.2
2021-05-31,07:49:09,humidity,80
2021-05-31,07:49:09,temperature,5.2
2021-05-31,07:47:03,humidity,80
2021-05-31,07:47:03,temperature,4.8
2021-05-31,07:45:03,humidity,80
2021-05-31,07:45:03,temperature,4.4
2021-05-31,07:42:53,humidity,80
2021-05-31,07:42:53,temperature,4.1
2021-05-31,07:40:53,humidity,79
2021-05-31,07:40:53,temperature,4
2021-05-31,07:38:53,humidity,78
2021-05-31,07:38:53,temperature,4.1
2021-05-31,07:36:53,humidity,78
2021-05-31,07:36:53,temperature,4.3
2021-05-31,07:34:53,humidity,78
2021-05-31,07:34:53,temperature,4.7
2021-05-31,07:32:43,humidity,78
2021-05-31,07:32:43,temperature,4.9
2021-05-31,07:30:43,humidity,79
2021-05-31,07:30:43,temperature,5.2
2021-05-31,07:28:44,humidity,79
2021-05-31,07:28:44,temperature,5.3
2021-05-31,07:26:52,humidity,80
2021-05-31,07:26:52,temperature,5.1
2021-05-31,07:24:52,humidity,80
2021-05-31,07:24:52,temperature,4.6
2021-05-31,07:22:42,humidity,80
2021-05-31,07:22:42,temperature,4.2
2021-05-31,07:20:42,humidity,79
2021-05-31,07:20:42,temperature,4.1
2021-05-31,07:18:42,humidity,78
2021-05-31,07:18:42,temperature,4.1
2021-05-31,07:16:42,humidity,78
2021-05-31,07:16:42,temperature,4.3
2021-05-31,07:14:42,humidity,78
2021-05-31,07:14:42,temperature,4.7
2021-05-31,07:12:32,humidity,78
2021-05-31,07:12:32,temperature,4.9
2021-05-31,07:10:32,humidity,79
2021-05-31,07:10:32,temperature,5.2
2021-05-31,07:08:28,humidity,79
2021-05-31,07:08:28,temperature,5.2
2021-05-31,07:06:37,humidity,80
2021-05-31,07:06:37,temperature,4.9
2021-05-31,07:04:27,humidity,80
2021-05-31,07:04:27,temperature,4.6
2021-05-31,07:02:33,humidity,80
2021-05-31,07:02:33,temperature,4.2
2021-05-31,07:00:33,humidity,79
2021-05-31,07:00:33,temperature,4
2021-05-31,06:58:33,humidity,78
2021-05-31,06:58:33,temperature,4.1
2021-05-31,06:56:23,humidity,78
2021-05-31,06:56:23,temperature,4.2
2021-05-31,06:54:23,humidity,78
2021-05-31,06:54:23,temperature,4.6
2021-05-31,06:52:23,humidity,78
2021-05-31,06:52:23,temperature,4.9
2021-05-31,06:50:23,humidity,78
2021-05-31,06:50:23,temperature,5.3
2021-05-31,06:48:23,humidity,79
2021-05-31,06:48:23,temperature,5.4
2021-05-31,06:46:13,humidity,80
2021-05-31,06:46:13,temperature,5.3
2021-05-31,06:44:13,humidity,80
2021-05-31,06:44:13,temperature,4.9
2021-05-31,06:42:19,humidity,80
2021-05-31,06:42:19,temperature,4.6
2021-05-31,06:40:09,humidity,79
2021-05-31,06:40:09,temperature,4.4
2021-05-31,06:38:09,humidity,78
2021-05-31,06:38:09,temperature,4.3
2021-05-31,06:36:09,humidity,78
2021-05-31,06:36:09,temperature,4.6
2021-05-31,06:34:09,humidity,77
2021-05-31,06:34:09,temperature,4.8
2021-05-31,06:32:09,humidity,77
2021-05-31,06:32:09,temperature,5.3
2021-05-31,06:29:59,humidity,78
2021-05-31,06:29:59,temperature,5.7
2021-05-31,06:27:59,humidity,78
2021-05-31,06:27:59,temperature,6.1
2021-05-31,06:25:59,humidity,78
2021-05-31,06:25:59,temperature,6.4
2021-05-31,06:23:55,humidity,79
2021-05-31,06:23:55,temperature,6.4
2021-05-31,06:21:53,humidity,80
2021-05-31,06:21:53,temperature,6.1
2021-05-31,06:19:53,humidity,80
2021-05-31,06:19:53,temperature,5.6
2021-05-31,06:17:53,humidity,80
2021-05-31,06:17:53,temperature,5.3
2021-05-31,06:15:53,humidity,79
2021-05-31,06:15:53,temperature,5.1
2021-05-31,06:13:53,humidity,79
2021-05-31,06:13:53,temperature,5.2
2021-05-31,06:11:53,humidity,79
2021-05-31,06:11:53,temperature,5.2
2021-05-31,06:09:52,humidity,80
2021-05-31,06:09:52,temperature,4.9
2021-05-31,06:07:52,humidity,80
2021-05-31,06:07:52,temperature,4.6
2021-05-31,06:05:52,humidity,80
2021-05-31,06:05:52,temperature,4.2
2021-05-31,06:03:52,humidity,79
2021-05-31,06:03:52,temperature,4
2021-05-31,06:01:42,humidity,79
2021-05-31,06:01:42,temperature,3.9
2021-05-31,05:59:42,humidity,78
2021-05-31,05:59:42,temperature,4.1
2021-05-31,05:57:42,humidity,78
2021-05-31,05:57:42,temperature,4.5
2021-05-31,05:55:42,humidity,78
2021-05-31,05:55:42,temperature,4.8
2021-05-31,05:53:42,humidity,78
2021-05-31,05:53:42,temperature,5.2
2021-05-31,05:51:38,humidity,79
2021-05-31,05:51:38,temperature,5.3
2021-05-31,05:49:38,humidity,80
2021-05-31,05:49:38,temperature,5.2
2021-05-31,05:47:38,humidity,80
2021-05-31,05:47:38,temperature,4.8
2021-05-31,05:45:38,humidity,80
2021-05-31,05:45:38,temperature,4.4
2021-05-31,05:43:28,humidity,80
2021-05-31,05:43:28,temperature,4.1
2021-05-31,05:41:28,humidity,79
2021-05-31,05:41:28,temperature,4
2021-05-31,05:39:28,humidity,78
2021-05-31,05:39:28,temperature,4.1
2021-05-31,05:37:28,humidity,78
2021-05-31,05:37:28,temperature,4.2
2021-05-31,05:35:28,humidity,78
2021-05-31,05:35:28,temperature,4.7
2021-05-31,05:33:18,humidity,78
2021-05-31,05:33:18,temperature,4.9
2021-05-31,05:31:24,humidity,79
2021-05-31,05:31:24,temperature,5.2
2021-05-31,05:29:24,humidity,79
2021-05-31,05:29:24,temperature,5.2
2021-05-31,05:27:24,humidity,80
2021-05-31,05:27:24,temperature,4.9
2021-05-31,05:25:14,humidity,80
2021-05-31,05:25:14,temperature,4.6
2021-05-31,05:23:14,humidity,80
2021-05-31,05:23:14,temperature,4.2
2021-05-31,05:21:14,humidity,79
2021-05-31,05:21:14,temperature,4
2021-05-31,05:19:14,humidity,79
2021-05-31,05:19:14,temperature,3.9
2021-05-31,05:17:14,humidity,78
2021-05-31,05:17:14,temperature,4.1
2021-05-31,05:15:04,humidity,78
2021-05-31,05:15:04,temperature,4.4
2021-05-31,05:13:04,humidity,78
2021-05-31,05:13:04,temperature,4.8
2021-05-31,05:11:10,humidity,78
2021-05-31,05:11:10,temperature,5.2
2021-05-31,05:09:10,humidity,79
2021-05-31,05:09:10,temperature,5.3
2021-05-31,05:07:10,humidity,80
2021-05-31,05:07:10,temperature,5.2
2021-05-31,05:05:00,humidity,80
2021-05-31,05:05:00,temperature,4.8
2021-05-31,05:03:00,humidity,80
2021-05-31,05:03:00,temperature,4.5
2021-05-31,05:01:00,humidity,80
2021-05-31,05:01:00,temperature,4.2
2021-05-31,04:59:00,humidity,79
2021-05-31,04:59:00,temperature,4.1
2021-05-31,04:57:00,humidity,78
2021-05-31,04:57:00,temperature,4.2
2021-05-31,04:54:50,humidity,78
2021-05-31,04:54:50,temperature,4.5
2021-05-31,04:52:50,humidity,78
2021-05-31,04:52:50,temperature,4.8
2021-05-31,04:50:56,humidity,78
2021-05-31,04:50:56,temperature,5.1
2021-05-31,04:48:56,humidity,79
2021-05-31,04:48:56,temperature,5.3
2021-05-31,04:46:46,humidity,80
2021-05-31,04:46:46,temperature,5.2
2021-05-31,04:44:46,humidity,80
2021-05-31,04:44:46,temperature,4.8
2021-05-31,04:42:46,humidity,80
2021-05-31,04:42:46,temperature,4.6
2021-05-31,04:40:46,humidity,80
2021-05-31,04:40:46,temperature,4.2
2021-05-31,04:38:46,humidity,79
2021-05-31,04:38:46,temperature,4.1
2021-05-31,04:36:36,humidity,78
2021-05-31,04:36:36,temperature,4.2
2021-05-31,04:34:36,humidity,78
2021-05-31,04:34:36,temperature,4.5
2021-05-31,04:32:36,humidity,78
2021-05-31,04:32:36,temperature,4.8
2021-05-31,04:30:42,humidity,78
2021-05-31,04:30:42,temperature,5.2
2021-05-31,04:28:32,humidity,79
2021-05-31,04:28:32,temperature,5.3
2021-05-31,04:26:32,humidity,79
2021-05-31,04:26:32,temperature,5.3
2021-05-31,04:24:32,humidity,80
2021-05-31,04:24:32,temperature,5.1
2021-05-31,04:22:32,humidity,80
2021-05-31,04:22:32,temperature,4.7
2021-05-31,04:20:32,humidity,80
2021-05-31,04:20:32,temperature,4.4
2021-05-31,04:18:32,humidity,79
2021-05-31,04:18:32,temperature,4.2
2021-05-31,04:16:22,humidity,78
2021-05-31,04:16:22,temperature,4.4
2021-05-31,04:14:22,humidity,78
2021-05-31,04:14:22,temperature,4.7
2021-05-31,04:12:22,humidity,78
2021-05-31,04:12:22,temperature,4.9
2021-05-31,04:10:18,humidity,79
2021-05-31,04:10:18,temperature,5.2
2021-05-31,04:08:18,humidity,79
2021-05-31,04:08:18,temperature,5.3
2021-05-31,04:06:18,humidity,80
2021-05-31,04:06:18,temperature,4.9
2021-05-31,04:04:18,humidity,80
2021-05-31,04:04:18,temperature,4.6
2021-05-31,04:02:18,humidity,80
2021-05-31,04:02:18,temperature,4.2
2021-05-31,04:00:18,humidity,79
2021-05-31,04:00:18,temperature,4.1
2021-05-31,03:58:08,humidity,79
2021-05-31,03:58:08,temperature,4.1
2021-05-31,03:56:08,humidity,78
2021-05-31,03:56:08,temperature,4.2
2021-05-31,03:54:08,humidity,78
2021-05-31,03:54:08,temperature,4.6
2021-05-31,03:52:08,humidity,78
2021-05-31,03:52:08,temperature,4.9
2021-05-31,03:50:04,humidity,79
2021-05-31,03:50:04,temperature,5.2
2021-05-31,03:48:04,humidity,79
2021-05-31,03:48:04,temperature,5.2
2021-05-31,03:46:04,humidity,80
2021-05-31,03:46:04,temperature,4.9
2021-05-31,03:44:04,humidity,80
2021-05-31,03:44:04,temperature,4.6
2021-05-31,03:42:04,humidity,80
2021-05-31,03:42:04,temperature,4.2
2021-05-31,03:39:54,humidity,79
2021-05-31,03:39:54,temperature,4.1
2021-05-31,03:37:54,humidity,78
2021-05-31,03:37:54,temperature,4.1
2021-05-31,03:35:54,humidity,78
2021-05-31,03:35:54,temperature,4.3
2021-05-31,03:33:54,humidity,78
2021-05-31,03:33:54,temperature,4.6
2021-05-31,03:31:54,humidity,78
2021-05-31,03:31:54,temperature,4.9
2021-05-31,03:29:50,humidity,78
2021-05-31,03:29:50,temperature,5.2
2021-05-31,03:27:50,humidity,79
2021-05-31,03:27:50,temperature,5.2
2021-05-31,03:25:50,humidity,80
2021-05-31,03:25:50,temperature,4.9
2021-05-31,03:23:50,humidity,80
2021-05-31,03:23:50,temperature,4.6
2021-05-31,03:21:50,humidity,80
2021-05-31,03:21:50,temperature,4.2
2021-05-31,03:19:40,humidity,79
2021-05-31,03:19:40,temperature,4.1
2021-05-31,03:17:40,humidity,78
2021-05-31,03:17:40,temperature,4.1
2021-05-31,03:15:40,humidity,78
2021-05-31,03:15:40,temperature,4.3
2021-05-31,03:13:40,humidity,78
2021-05-31,03:13:40,temperature,4.6
2021-05-31,03:11:40,humidity,78
2021-05-31,03:11:40,temperature,4.9
2021-05-31,03:09:36,humidity,78
2021-05-31,03:09:36,temperature,5.2
2021-05-31,03:07:36,humidity,79
2021-05-31,03:07:36,temperature,5.2
2021-05-31,03:05:36,humidity,80
2021-05-31,03:05:36,temperature,4.9
2021-05-31,03:03:36,humidity,80
2021-05-31,03:03:36,temperature,4.6
2021-05-31,03:01:26,humidity,80
2021-05-31,03:01:26,temperature,4.2
2021-05-31,02:59:26,humidity,79
2021-05-31,02:59:26,temperature,4.1
2021-05-31,02:57:26,humidity,79
2021-05-31,02:57:26,temperature,4.1
2021-05-31,02:55:26,humidity,78
2021-05-31,02:55:26,temperature,4.2
2021-05-31,02:53:26,humidity,78
2021-05-31,02:53:26,temperature,4.6
2021-05-31,02:51:16,humidity,78
2021-05-31,02:51:16,temperature,4.9
2021-05-31,02:49:22,humidity,78
2021-05-31,02:49:22,temperature,5.2
2021-05-31,02:47:22,humidity,79
2021-05-31,02:47:22,temperature,5.3
2021-05-31,02:45:22,humidity,80
2021-05-31,02:45:22,temperature,5.2
2021-05-31,02:43:12,humidity,80
2021-05-31,02:43:12,temperature,4.8
2021-05-31,02:41:12,humidity,80
2021-05-31,02:41:12,temperature,4.4
2021-05-31,02:39:12,humidity,80
2021-05-31,02:39:12,temperature,4.2
2021-05-31,02:37:12,humidity,79
2021-05-31,02:37:12,temperature,4.1
2021-05-31,02:35:12,humidity,78
2021-05-31,02:35:12,temperature,4.2
2021-05-31,02:33:02,humidity,78
2021-05-31,02:33:02,temperature,4.5
2021-05-31,02:31:02,humidity,78
2021-05-31,02:31:02,temperature,4.9
2021-05-31,02:29:08,humidity,78
2021-05-31,02:29:08,temperature,5.3
2021-05-31,02:27:08,humidity,79
2021-05-31,02:27:08,temperature,5.4
2021-05-31,02:24:58,humidity,79
2021-05-31,02:24:58,temperature,5.4
2021-05-31,02:22:58,humidity,80
2021-05-31,02:22:58,temperature,5.2
2021-05-31,02:20:58,humidity,80
2021-05-31,02:20:58,temperature,4.8
2021-05-31,02:18:58,humidity,79
2021-05-31,02:18:58,temperature,4.7
2021-05-31,02:16:58,humidity,78
2021-05-31,02:16:58,temperature,4.7
2021-05-31,02:14:48,humidity,78
2021-05-31,02:14:48,temperature,4.9
2021-05-31,02:12:48,humidity,79
2021-05-31,02:12:48,temperature,5.2
2021-05-31,02:10:44,humidity,80
2021-05-31,02:10:44,temperature,5.2
2021-05-31,02:08:52,humidity,80
2021-05-31,02:08:52,temperature,4.8
2021-05-31,02:06:52,humidity,80
2021-05-31,02:06:52,temperature,4.5
2021-05-31,02:04:52,humidity,80
2021-05-31,02:04:52,temperature,4.2
2021-05-31,02:02:52,humidity,79
2021-05-31,02:02:52,temperature,4
2021-05-31,02:00:42,humidity,78
2021-05-31,02:00:42,temperature,4.1
2021-05-31,01:58:42,humidity,78
2021-05-31,01:58:42,temperature,4.2
2021-05-31,01:56:42,humidity,78
2021-05-31,01:56:42,temperature,4.6
2021-05-31,01:54:42,humidity,78
2021-05-31,01:54:42,temperature,4.9
2021-05-31,01:52:42,humidity,79
2021-05-31,01:52:42,temperature,5.2
2021-05-31,01:50:32,humidity,79
2021-05-31,01:50:32,temperature,5.2
2021-05-31,01:48:36,humidity,80
2021-05-31,01:48:36,temperature,4.9
2021-05-31,01:46:36,humidity,80
2021-05-31,01:46:36,temperature,4.6
2021-05-31,01:44:36,humidity,80
2021-05-31,01:44:36,temperature,4.2
2021-05-31,01:42:26,humidity,79
2021-05-31,01:42:26,temperature,4.1
2021-05-31,01:40:26,humidity,79
2021-05-31,01:40:26,temperature,4.1
2021-05-31,01:38:26,humidity,78
2021-05-31,01:38:26,temperature,4.2
2021-05-31,01:36:26,humidity,78
2021-05-31,01:36:26,temperature,4.6
2021-05-31,01:34:26,humidity,78
2021-05-31,01:34:26,temperature,4.9
2021-05-31,01:32:16,humidity,79
2021-05-31,01:32:16,temperature,5.2
2021-05-31,01:30:16,humidity,79
2021-05-31,01:30:16,temperature,5.2
2021-05-31,01:28:22,humidity,80
2021-05-31,01:28:22,temperature,4.9
2021-05-31,01:26:22,humidity,80
2021-05-31,01:26:22,temperature,4.7
2021-05-31,01:24:12,humidity,80
2021-05-31,01:24:12,temperature,4.2
2021-05-31,01:22:12,humidity,79
2021-05-31,01:22:12,temperature,4.1
2021-05-31,01:20:12,humidity,79
2021-05-31,01:20:12,temperature,4.1
